STORE,Urban_Rural,Market_Name,ST,Population,Asian_Pop,African_American_Pop,Hispanic_Pop,House_Holds,Median_Age,Median_Income,Median_Housing_Value,Total_Older_Vehicles,Total_Vehicles
1,U,Knoxville,TN,37139,487,2087,1628,15272,41.955863,56704.90525,163494.089,30134.19886,37715.07648
10,R,Atlanta,GA,1,112,133,,5835,55.511751,61727.31327,201853.3577,12427,15755
100,U,Santa Barbara-Santa Maria-San Luis Obispo,CA,47292,2432,579,,20007,30.503127,83676.47253,599777.5349,24651.1564,33937.6668
100,U,Santa Barbara-Santa Maria-San Luis Obispo,CA,47292,2432,579,,20007,30.503127,83676.47253,599777.5349,24651.1564,33937.6668
101,U,Los Angeles,CA,48090,7280,8173,26102,15018,29.829592,27498.68967,396409.4102,22500,28696
102,U,Fresno-Visalia,CA,38876,1167,972,17836,13968,34.187139,58006.72927,193656.6765,22853.69432,29970.77858
103,R,Sacramento-Stockton,CA,32169,321,239,4128,13379,49.375538,75587.21838,341415.9815,26609.91832,33874.0117
104,U,El Centro-Yuma,CA,26028,450,459,21345,6691,32.065925,37915.4368,192862.4331,20247.69598,27228.1953
105,U,Bakersfield,CA,32318,370,548,7707,11869,32.390086,30502.18912,131388.2699,20375.4002,26173.84832
106,U,San Diego,CA,55138,2754,4933,20438,19012,33.491249,35899.1191,287092.903,35678.88593,45718.23954
107,U,San Francisco-Oakland-San Jose,CA,21244,722,2773,9452,7160,35.914475,51662.04467,289847.7575,16275.66573,20264.55135
108,U,San Francisco-Oakland-San Jose,CA,38630,10374,1248,20320,9702,35.424422,90067.46089,518165.7169,23551.31702,30643.27062
109,U,San Francisco-Oakland-San Jose,CA,28831,5504,1343,8054,10090,38.336117,-12,828212.9034,15314.31751,22682.91147
109,U,San Francisco-Oakland-San Jose,CA,28831,5504,1343,8054,10090,38.336117,-12,828212.9034,15314.31751,22682.91147
11,U,Los Angeles,CA,29385,2422,476,,10225,38.941297,89217.65727,504576.7133,19117,27250
110,U,Los Angeles,CA,23888,3112,135,20179,4716,36.526318,56881.99276,494718.0971,13625.21676,17801.88382
111,U,San Francisco-Oakland-San Jose,CA,31944,1652,15132,9438,11056,36.549077,51778.99815,440154.7654,20786,25957
112,U,Los Angeles,CA,32112,2581,638,6810,11912,41.138506,96369.9848,613167.2182,17574,25843
113,U,Albuquerque,NM,30190,2944,532,7270,12092,42.960812,102790.0092,275700.5137,18231,26306
114,U,Los Angeles,CA,39216,627,21795,17721,13686,39.425783,31423.85914,430401.5175,23343.80124,30672.63354
115,R,Sacramento-Stockton,CA,21480,668,545,8916,6371,36.219479,82914.22295,346658.6839,13620,18201
116,U,Los Angeles,CA,20893,317,330,20444,5344,33.747676,23319.47987,361553.1323,11208,15231
117,U,Los Angeles,CA,22857,1915,373,6778,7537,39.558507,85219.31443,571964.1154,11688,17024
118,U,Sacramento-Stockton,CA,39890,1558,635,3964,15700,42.453821,91794.04545,396976.1013,25930,34730
119,R,Sacramento-Stockton,CA,12979,225,139,5783,4030,34.24347,54567.74466,310374.1114,9647,12030
12,R,Paducah-Cape Girardeau-Harrisburg-Marion,IL,37387,199,366,577,15819,42.793722,37423.36261,76973.66667,26017.40552,32833.23671
12,R,Paducah-Cape Girardeau-Harrisburg-Marion,IL,37387,199,366,577,15819,42.793722,37423.36261,76973.66667,26017.40552,32833.23671
120,U,Los Angeles,CA,22068,1486,14116,4755,6777,42.482319,78301.84992,447548.0663,13839,19802
121,R,Salinas-Monterrey,CA,17215,156,161,16828,3849,28.508858,40028.61667,275620.5284,13195,15804
122,U,Fresno-Visalia,CA,16973,1372,1145,13050,4348,30.635568,-12,122286.3701,10242.25926,
122,U,Fresno-Visalia,CA,16973,1372,1145,13050,4348,30.635568,-12,122286.3701,10242.25926,
123,R,Los Angeles,CA,10227,73,192,1914,3931,44.794368,37218.23203,120440.6505,10720,12503
123,R,Los Angeles,CA,10227,73,192,1914,3931,44.794368,37218.23203,120440.6505,10720,12503
124,R,Fresno-Visalia,CA,12733,66,63,12392,2734,30.805144,17252.63387,151471.5355,9197,10523
125,R,Fresno-Visalia,CA,17020,437,409,9478,5214,32.938155,39976.32809,230362.4568,11827,15137
126,R,Sacramento-Stockton,CA,13006,200,126,8413,4388,34.989781,44412.43749,222056.0166,10523.06395,13339.47162
127,U,Fresno-Visalia,CA,11242,111,69,9819,2804,30.911483,24731.79443,153214.0892,7644.772096,9397.786206
128,U,Fresno-Visalia,CA,33998,5169,2321,12793,11427,34.333246,69308.7351,263269.3347,17630.92359,
129,U,Los Angeles,CA,31617,925,404,27457,8512,37.002685,51868.06253,422421.5085,17135,23778
13,U,Bakersfield,CA,54669,525,1682,45092,14507,28.588074,29960.13794,135124.7146,39975.59218,48226.02896
130,U,Los Angeles,CA,54940,2869,11221,31185,13046,31.899126,52373.35122,280323.6715,30585,41801
131,U,Los Angeles,CA,25117,1302,3869,19224,6965,33.362981,37322.75773,319972.4966,16033,20943
132,U,Sacramento-Stockton,CA,54669,4336,1257,8680,19405,37.419316,98057.78968,409401.6563,34779,49662
133,U,Salinas-Monterrey,CA,45538,1647,511,40802,9632,29.814338,57097.40843,359320.1881,27254.08081,34299.23589
134,R,Fresno-Visalia,CA,18868,294,82,17474,4441,29.647377,25325.19615,170281.9117,11056,13589
135,U,Fresno-Visalia,CA,29833,297,777,25971,7312,29.406044,30410.45104,170408.4313,20262.36405,24156.93284
136,R,Bakersfield,CA,21044,162,153,19427,4615,26.678145,22660.3219,141512.6319,12640.42284,15065.98968
137,U,Los Angeles,CA,53793,1549,10494,30779,13668,28.597003,41758.2881,189529.3032,32400.7407,
138,R,Sacramento-Stockton,CA,26020,571,178,2738,10373,50.904581,89294.2304,399614.947,,26246.57418
139,U,Fresno-Visalia,CA,21586,5280,1435,14554,5590,28.388831,30043.3878,170790.88,14012,18006
14,R,El Centro-Yuma,CA,25085,353,403,19342,7216,32.254721,37673.77831,172492.8283,18082.57985,23913.1496
140,U,Los Angeles,CA,19814,1522,2395,11994,7529,32.01671,-12,299899.1373,12183,16946
140,U,Los Angeles,CA,19814,1522,2395,11994,7529,32.01671,-12,299899.1373,12183,16946
141,U,Los Angeles,CA,10693,535,1643,6847,3159,32.484064,19695.05985,182770.2235,,16063
142,U,Bakersfield,CA,56910,7173,3182,35684,14464,29.604674,47216.49461,224825.4075,31356.12758,44621.99513
143,U,Sacramento-Stockton,CA,14756,1070,716,7793,4269,33.227976,50935.42166,209372.554,10973.08998,13391.79504
144,U,Sacramento-Stockton,CA,25617,2247,3677,11846,7985,33.783933,50116.01429,230604.4128,16138.5963,20181.61099
145,U,Los Angeles,CA,16085,804,822,14895,4041,31.955748,47327.70047,318266.4556,13044.92292,17303.13458
146,U,Bakersfield,CA,38664,2148,945,10804,11805,32.848797,85626.20756,304956.9838,19668,30367
147,U,San Francisco-Oakland-San Jose,CA,53195,14479,1725,27384,17061,33.537236,72860.23952,520479.4931,32595.32538,42630.76552
148,U,San Francisco-Oakland-San Jose,CA,49255,1813,580,11868,18821,43.080154,120149.4322,611042.9579,29658,41396
149,U,San Francisco-Oakland-San Jose,CA,32358,1361,633,9352,12704,36.118017,79192.82338,394343.5024,20392.97462,28210.83611
149,U,San Francisco-Oakland-San Jose,CA,32358,1361,633,9352,12704,36.118017,79192.82338,394343.5024,20392.97462,28210.83611
15,U,Fresno-Visalia,CA,61539,1860,3108,35920,20467,33.055867,50822.60271,198981.0565,36499,50182
150,R,Reno,CA,13497,233,248,1765,5470,37.192968,58244.17819,190060.9088,9971,
151,U,Los Angeles,CA,25744,3266,2275,15548,8528,33.980027,63820.82629,341938.611,16723.88971,23455.72838
152,U,Los Angeles,CA,28299,3722,925,19866,9572,34.504134,35181.61009,524950.1598,16385,22643
153,U,Sacramento-Stockton,CA,23469,1086,429,13923,7034,33.754416,65398.57433,280302.3969,15918.00285,20679.85526
154,U,Sacramento-Stockton,CA,42541,15398,5078,9539,12343,34.345751,75181.98435,321864.0266,26821.7553,35804.55491
155,U,Los Angeles,CA,24222,2216,856,14997,7684,36.40888,68534.50656,431391.52,14970,21078
156,U,Sacramento-Stockton,CA,42837,5472,3240,6751,12900,33.349943,74369.69389,300213.9409,25774,34475
157,U,Santa Barbara-Santa Maria-San Luis Obispo,CA,8302,121,219,4007,3353,33.957612,52186.00542,476954.6439,7723.06491,9932.626588
157,U,Santa Barbara-Santa Maria-San Luis Obispo,CA,8302,121,219,4007,3353,33.957612,52186.00542,476954.6439,7723.06491,9932.626588
158,U,San Diego,CA,37535,5518,5235,12209,12250,30.217325,44207.11651,433119.9031,22638,28851
158,U,San Diego,CA,37535,5518,5235,12209,12250,30.217325,44207.11651,433119.9031,22638,28851
159,U,San Francisco-Oakland-San Jose,CA,39863,8375,6788,17479,11474,38.661297,76230.80624,379996.8218,28290.90596,36952.23024
16,U,San Diego,CA,20083,1291,1814,4719,8173,35.86386,56258.72922,454098.6936,13856,17870
160,U,San Francisco-Oakland-San Jose,CA,21133,1459,4068,8805,6858,36.586353,60207.41504,247898.0959,13615.85732,17332.40197
161,U,Salinas-Monterrey,CA,24079,1070,418,6899,11141,35.619179,87246.93729,738195.6733,15045.33254,19742.0551
162,U,Los Angeles,CA,39765,4150,6428,21387,10604,32.814609,75198.62553,410640.6044,21476.52295,
163,U,Sacramento-Stockton,CA,30651,2719,1018,13647,10010,35.380898,79589.23037,326108.9183,20213,27793
164,U,Fresno-Visalia,CA,43867,7690,1059,13289,13657,33.650441,72975.65095,281113.287,23065.93908,33117.94344
165,U,Los Angeles,CA,28024,5223,338,20747,7195,37.540319,51054.98669,408814.9767,16003.12309,22612.11912
166,U,Sacramento-Stockton,CA,21315,892,1399,16565,5862,33.202923,29013.55857,153143.8857,19270,22059
167,U,Los Angeles,CA,1,5865,213,3552,9832,44.262191,99688.69916,615212.1385,14519.28222,21638.47604
168,U,San Diego,CA,18358,1287,971,3549,8591,38.137319,74910.48644,428103.4637,11677.05445,16677.89724
168,U,San Diego,CA,18358,1287,971,3549,8591,38.137319,74910.48644,428103.4637,11677.05445,16677.89724
169,U,San Diego,CA,17711,1117,426,2921,7207,45.935091,96008.36875,572695.7106,9345.705238,14299.23221
17,U,San Diego,CA,44541,1452,1394,33849,12438,36.186525,44314.99996,328722.8903,38443.06562,47890.17171
170,R,Fresno-Visalia,CA,10249,44,33,8996,2604,31.074944,30042.08411,156888.1901,7140,8723
171,U,Sacramento-Stockton,CA,18866,507,366,5594,6170,37.051707,71796.87491,324880.5264,12692.68164,17221.83907
172,U,Los Angeles,CA,47733,8120,1089,17406,16835,36.52943,83705.44116,567274.5526,24417,36193
173,U,Sacramento-Stockton,CA,31399,1700,1842,3911,13535,41.417083,64975.05542,369581.2163,20326.43282,26436.00594
174,U,San Francisco-Oakland-San Jose,CA,49268,6599,916,18086,16318,39.148272,131305.4134,815485.7859,31319.32159,
175,U,Los Angeles,CA,14838,2856,1165,,5239,33.858054,71553.38388,295894.9529,6815,10542
176,U,Los Angeles,CA,44145,10968,992,22534,11132,36.453865,50874.33406,430137.8923,24688.17549,33213.56366
177,U,San Francisco-Oakland-San Jose,CA,55011,26347,2899,20285,15811,41.290028,86360.94148,711940.2866,25411,35782
178,U,Los Angeles,CA,28484,192,98,29125,7365,32.961593,28259.32274,375936.8728,16138.38734,20598.44896
179,U,Los Angeles,CA,33645,1144,1992,19928,9209,31.890468,52148.73289,231671.6578,23598.42482,31583.94386
18,R,Los Angeles,CA,36203,697,1004,6955,14800,40.708831,40344.84101,155148.6456,25234.99186,32448.34961
180,U,San Diego,CA,8956,287,285,4294,3077,35.138812,66031.15989,449089.6529,7625,9686
181,U,Santa Barbara-Santa Maria-San Luis Obispo,CA,21271,489,311,3720,8011,37.385642,75049.94866,423222.5788,15181.84086,19657.93681
181,U,Santa Barbara-Santa Maria-San Luis Obispo,CA,21271,489,311,3720,8011,37.385642,75049.94866,423222.5788,15181.84086,19657.93681
182,R,Fresno-Visalia,CA,16321,198,252,13171,3428,26.500153,15040.45101,132376.0519,14224.9958,16352.94057
183,U,San Francisco-Oakland-San Jose,CA,1,10777,2183,27712,31751,37.46879,96993.18241,1091414.355,30116,40675
184,U,Los Angeles,CA,14987,1277,250,4165,4956,34.611597,-12,631618.796,7560,10990
184,U,Los Angeles,CA,14987,1277,250,4165,4956,34.611597,-12,631618.796,7560,10990
185,U,San Francisco-Oakland-San Jose,CA,62916,25345,1613,6714,23262,37.961471,127581.9673,826356.6532,30644.82486,48452.41499
186,U,San Francisco-Oakland-San Jose,CA,37512,11478,1423,15738,11020,40.122004,-12,667500.7249,21899,30465
186,U,San Francisco-Oakland-San Jose,CA,37512,11478,1423,15738,11020,40.122004,-12,667500.7249,21899,30465
187,U,Los Angeles,CA,32695,174,5538,27411,7554,31.065927,-12,308795.3772,19837,24626
187,U,Los Angeles,CA,32695,174,5538,27411,7554,31.065927,-12,308795.3772,19837,24626
188,R,Chico-Redding,CA,10700,305,141,5734,3901,34.523551,35710.27963,206075.4301,11005,13113
189,U,San Francisco-Oakland-San Jose,CA,26324,3892,689,13810,8633,36.823085,84035.32689,688545.1316,13778.13356,18235.33032
19,U,Los Angeles,CA,40663,1109,659,13530,14583,36.882793,59210.57878,257111.423,25969.88382,35824.9602
190,U,San Francisco-Oakland-San Jose,CA,45533,16036,2118,16520,13785,38.244873,101180.9084,655438.0418,25107,34769
191,U,San Francisco-Oakland-San Jose,CA,47857,5356,2287,19637,17302,36.239198,71170.49667,433400.9237,26743,35488
192,U,Los Angeles,CA,19029,4661,152,12793,4015,38.384576,51768.62494,392960.2984,10549,13615
193,U,Los Angeles,CA,32646,2005,791,15957,10154,35.546199,83771.17923,501513.8145,18054,25136
194,U,San Diego,CA,27611,2606,1977,,9068,32.649122,85065.60947,486139.4987,11510,17356
194,U,San Diego,CA,27611,2606,1977,,9068,32.649122,85065.60947,486139.4987,11510,17356
195,U,San Diego,CA,21603,1145,788,9179,6992,37.068829,70039.01579,430275.5237,13247,18429
196,U,Los Angeles,CA,26266,2990,559,17731,7406,39.286328,63125.30614,445548.2054,15434.40668,21877.27701
197,U,Sacramento-Stockton,CA,40509,2586,793,6174,16040,41.48961,-12,402742.7726,26083,37419
197,U,Sacramento-Stockton,CA,40509,2586,793,6174,16040,41.48961,-12,402742.7726,26083,37419
198,U,Los Angeles,CA,81671,19775,7595,34375,21689,33.806261,81728.89319,525413.8638,37240.41421,60094.40775
199,U,Los Angeles,CA,23210,149,2929,18739,4623,31.848462,38028.06605,373974.019,12971.87602,16733.74171
2,U,St. Louis,MO,38902,2157,1033,1160,17280,40.870626,60800.25623,155890.3002,24018.74967,32208.37152
20,U,Los Angeles,CA,26601,3950,1613,,7974,40.095974,65292.56874,437861.3954,15018.95195,20745.13377
200,R,Chico-Redding,CA,20076,295,283,4228,7633,38.551051,33290.85037,156126.7612,14550,18168
201,U,Los Angeles,CA,15942,533,4130,5892,6605,33.708186,37116.949,176665.1075,10828.82462,14091.00978
202,U,San Francisco-Oakland-San Jose,CA,51199,7799,20722,6871,25743,36.564121,57733.99691,527304.1085,29464,38792
203,U,Los Angeles,CA,59247,2389,2524,19664,19640,37.600552,70681.36009,324167.5659,35131,51264
204,U,Los Angeles,CA,18515,1062,166,7795,6447,34.174815,73072.21502,610053.6615,9380,13333
205,U,Los Angeles,CA,33717,2496,696,,10596,36.025438,38491.01189,571161.2619,17267,
206,U,Sacramento-Stockton,CA,36646,8859,4643,7915,12782,37.711172,93249.15112,370784.9605,22669,31691
207,U,San Francisco-Oakland-San Jose,CA,26393,3920,6684,9085,8129,35.169465,87048.66355,402380.243,18191.36526,24781.81951
208,U,San Francisco-Oakland-San Jose,CA,44166,8776,887,8133,16399,40.282867,131671.4556,990844.8241,24031,35610
208,U,San Francisco-Oakland-San Jose,CA,44166,8776,887,8133,16399,40.282867,131671.4556,990844.8241,24031,35610
209,U,San Francisco-Oakland-San Jose,CA,32257,8152,3478,,9671,35.945104,69113.21146,483625.7703,21250.65267,27724.87362
21,R,Fresno-Visalia,CA,26874,1469,253,21950,7416,31.96021,35533.45226,177375.8301,17414.19113,22032.47094
21,R,Fresno-Visalia,CA,26874,1469,253,21950,7416,31.96021,35533.45226,177375.8301,17414.19113,22032.47094
210,U,Los Angeles,CA,17613,210,12963,3015,6361,43.558246,47355.88208,447244.0489,10044.55092,13673.16445
211,U,Los Angeles,CA,15445,528,264,12463,4154,38.513085,58955.94976,424448.0963,8409,11744
212,U,Los Angeles,CA,52375,5623,17128,23417,17963,36.274847,-12,418680.8077,28763.21554,38801.19738
212,U,Los Angeles,CA,52375,5623,17128,23417,17963,36.274847,-12,418680.8077,28763.21554,38801.19738
213,R,San Francisco-Oakland-San Jose,CA,21790,274,769,4959,9014,43.715231,33954.28889,124021.5779,18448.85882,21512.60358
214,U,El Centro-Yuma,CA,1,355,268,,4392,28.341455,53946.00652,215601.168,11096.91242,16308.38789
215,U,Fresno-Visalia,CA,44845,5835,2584,20220,15445,31.513408,61037.41969,254562.0745,24386,32327
216,U,Dallas-Ft. Worth,TX,29930,512,1547,6784,9561,35.061129,71623.15266,173932.584,15416.71125,
217,U,Sacramento-Stockton,CA,18695,3949,2859,7136,5472,31.306082,43547.92399,223707.9901,14316.03918,17699.37765
218,U,Los Angeles,CA,24808,741,1223,10664,9191,41.387504,38219.21445,151015.7519,16247.9217,21332.02665
219,U,Los Angeles,CA,31700,1016,6364,18806,9685,30.081157,33341.8718,229249.0423,19276.86111,25000.67962
22,U,Los Angeles,CA,34608,1588,2057,12955,12025,42.857053,41205.42759,218427.316,19586,26438
220,U,Los Angeles,CA,22766,579,444,6518,8606,42.601559,62796.27677,292978.4502,14663.31917,20856.48954
221,U,Houston,TX,28161,310,6614,17404,7587,29.988118,35206.08998,98110.74549,,14720.64717
222,R,Fresno-Visalia,CA,14179,188,66,10907,3525,32.056837,26741.989,159463.2326,9066.259251,11044.31947
223,R,Fresno-Visalia,CA,12277,138,116,8385,4159,37.252081,40737.05971,216362.2291,8918.220019,11215.89092
224,U,Santa Barbara-Santa Maria-San Luis Obispo,CA,33851,2567,331,10848,11745,39.105787,105346.9226,776507.7596,20201,28122
225,U,Sacramento-Stockton,CA,38306,2100,1534,9299,12999,38.595852,104738.9864,433868.9515,24718,34623
226,U,Indianapolis,IN,19290,241,3899,5880,6578,32.896827,24556.86465,51019.18592,13650.88229,15663.79089
227,U,Santa Barbara-Santa Maria-San Luis Obispo,CA,32521,1081,404,10138,10738,39.701067,76740.21399,420466.6297,19368.8282,26356.87976
228,U,Atlanta,GA,23141,347,15355,4118,8789,33.572547,48379.07022,133673.1611,12879.36776,17338.20157
229,U,Los Angeles,CA,22177,2586,396,8072,7874,39.554994,82888.95915,596326.1819,12914.05671,18986.59005
23,U,San Diego,CA,36273,1269,1531,24702,13195,36.77197,36521.02707,364266.6602,27435,34442
230,R,Los Angeles,CA,11596,290,262,6559,3309,41.118575,53214.48724,254909.589,9997.59212,12018.61839
230,R,Los Angeles,CA,11596,290,262,6559,3309,41.118575,53214.48724,254909.589,9997.59212,12018.61839
231,U,San Francisco-Oakland-San Jose,CA,23840,2686,4828,7769,7361,41.326091,87783.44518,392146.2578,15188.44789,20406.58257
232,U,Los Angeles,CA,32527,2888,179,26832,7420,38.619547,54696.2925,431503.8513,21012.01736,28745.59822
233,U,Los Angeles,CA,20508,455,1348,15471,4033,27.508904,30175.29194,225231.5279,14225.26703,17445.29415
234,U,Los Angeles,CA,35736,12800,1064,5139,14511,41.061025,95483.26145,747262.8407,18054.10455,27699.36064
235,U,Seattle-Tacoma,WA,37659,1336,774,3955,13616,39.410521,75268.15035,310108.098,32440.82643,41521.87163
236,U,Los Angeles,CA,42166,362,4171,37734,9101,30.563812,19480.30838,343516.9859,25975,31261
237,U,Los Angeles,CA,74508,19605,4409,41712,28340,35.514155,28401.51079,615403.4728,,39202.67534
238,U,Los Angeles,CA,50651,387,19605,33185,15365,35.667458,22412.18616,352426.0473,32433.00677,40920.3866
239,U,Los Angeles,CA,42017,6484,9142,22101,12871,37.77144,41872.24859,405986.8206,23362.51156,31163.23408
24,U,Los Angeles,CA,41969,1064,3216,17875,15301,38.439875,35751.49894,141327.0935,25306.96027,33374.42845
240,U,Sacramento-Stockton,CA,30843,1295,736,20682,7625,30.588435,39592.49797,200770.4892,21688,26087
241,U,Los Angeles,CA,38939,4886,748,29620,8819,37.230648,54363.48096,419525.8152,22570.16259,30204.80721
242,U,San Francisco-Oakland-San Jose,CA,46778,2266,18221,26862,14342,34.327068,40897.92992,341448.8079,41182,48778
243,U,San Diego,CA,22623,735,2809,17048,5291,31.549782,23948.72895,310120.5222,16958.30173,20086.10058
244,U,Chico-Redding,CA,35482,1608,959,6112,14767,33.961944,60378.5279,299432.9976,20899.68613,27532.59124
244,U,Chico-Redding,CA,35482,1608,959,6112,14767,33.961944,60378.5279,299432.9976,20899.68613,27532.59124
245,R,Chico-Redding,CA,39666,4284,1125,5199,14553,39.647471,34987.83638,171072.1442,31454,37882
246,R,Chico-Redding,CA,16840,293,134,1274,7135,48.765291,42409.72637,186256.2444,11531,13610
247,U,San Francisco-Oakland-San Jose,CA,1,766,1171,8459,6424,35.257282,78336.71656,324960.5587,14532.67363,19212.80327
248,U,San Francisco-Oakland-San Jose,CA,47704,7233,5110,23330,12924,35.794214,69102.35454,332374.4738,30972.17102,39937.19843
249,U,San Francisco-Oakland-San Jose,CA,46037,3284,10866,26623,15484,35.56803,45574.69086,377233.9532,37806,46932
25,U,Los Angeles,CA,34249,2109,2327,13826,12189,35.434968,56236.56326,322004.1967,20501,28561
250,U,Sacramento-Stockton,CA,22835,543,200,2415,8210,43.149253,114584.3478,422837.4725,13885.21372,19039.87773
251,U,Fresno-Visalia,CA,20539,2076,1261,11850,5946,30.534281,22127.12508,163065.8029,11623.22893,13877.80459
252,U,Fresno-Visalia,CA,28485,5085,1665,,7433,28.684118,20034.32989,124811.8793,18586,21659
253,U,Fresno-Visalia,CA,23507,3612,1849,15669,8067,30.880257,25241.93032,153916.0681,15932.79378,19314.01611
254,U,Fresno-Visalia,CA,1,3083,1598,,7171,29.829468,29852.24491,178208.3546,12775.18619,15983.36364
255,U,Fresno-Visalia,CA,33928,3722,1816,13261,12827,31.007472,-12,152209.1709,18112.42965,22900.00959
255,U,Fresno-Visalia,CA,33928,3722,1816,13261,12827,31.007472,-12,152209.1709,18112.42965,22900.00959
256,R,Fresno-Visalia,CA,24293,1744,132,17022,6493,31.81912,37904.08159,249123.1468,15684.40313,19867.84625
257,R,Fresno-Visalia,CA,25929,892,121,21793,7845,33.406969,40060.2766,195694.0521,17410.67821,22177.78411
258,U,El Centro-Yuma,CA,41110,551,95,37459,10267,33.723094,24659.19577,185933.8129,56292.0284,69146.03711
259,U,Bakersfield,CA,38930,483,5853,27376,11926,30.150241,21921.06571,136335.06,25128.7621,30147.56261
26,U,Sacramento-Stockton,CA,65453,13349,1566,18972,22914,36.929021,61144.29999,242896.505,44207,58995
260,U,Bakersfield,CA,1,1056,4309,33398,11919,29.731379,28585.19204,139097.509,29159.16497,35800.03009
261,U,Bakersfield,CA,55544,2657,1506,14190,19434,35.189112,88407.21628,302431.6373,32397.8156,49368.7763
262,R,Los Angeles,CA,35993,952,1259,,14042,37.377829,60824.28508,167736.7589,,30267.26297
263,R,Bakersfield,CA,29946,562,456,5960,11357,40.593665,64432.72661,256552.6164,20436.85167,27784.48029
264,R,Bakersfield,CA,23107,199,637,20223,5850,28.750924,28638.33644,154283.4812,14126.37528,17559.1313
265,U,Fresno-Visalia,CA,38464,1453,2360,18701,12610,29.759466,52988.69582,227786.3239,22342.57341,31004.37076
266,U,Los Angeles,CA,49496,23478,1107,17675,17735,40.374715,50994.78619,533282.2994,23748,35068
267,U,Los Angeles,CA,50910,4998,1384,42064,12754,34.928269,43726.79623,337536.4297,,
268,U,Los Angeles,CA,68468,11050,634,53278,15569,36.519649,49636.52574,381374.164,39745.06027,52689.49241
269,U,Los Angeles,CA,20792,2224,424,16742,4833,37.435696,49986.66434,398633.4918,11623.43628,15696.37763
27,U,Bakersfield,CA,42812,4194,518,38447,10856,30.621244,27153.8513,163066.5307,27271.80404,34443.27129
270,U,Los Angeles,CA,44393,373,253,40962,9978,29.886209,26445.3146,374063.4144,23370,29944
271,U,Los Angeles,CA,35678,4316,517,11384,13749,40.83649,77421.98927,665425.0396,19209,28792
272,U,Los Angeles,CA,51355,5828,2096,35207,16015,34.114452,48289.68642,444551.369,29491.61117,39849.54062
273,U,Los Angeles,CA,53476,627,11699,40545,12027,31.462499,31713.00352,333792.1611,33079,41468
273,U,Los Angeles,CA,53476,627,11699,40545,12027,31.462499,31713.00352,333792.1611,33079,41468
274,U,Los Angeles,CA,27102,131,6162,19438,5752,29.982367,25569.61328,316377.1302,16025,20006
275,U,Los Angeles,CA,42258,6037,1186,25978,12060,38.405208,61950.30763,465542.3331,22630.341,31979.47304
276,U,Los Angeles,CA,15452,1216,443,11359,4054,34.649527,59002.75641,392956.6589,8215.855185,10948.80844
277,U,Los Angeles,CA,48135,400,353,43149,11357,30.420723,25348.63939,382320.2289,22995.58289,29934.1123
278,U,Los Angeles,CA,42196,4654,1585,18019,17035,37.198754,68346.49659,878527.683,18363,27614
279,U,Los Angeles,CA,22979,10375,968,6589,7812,41.558754,96502.70695,563655.1043,12210.88993,18922.50079
28,U,Los Angeles,CA,26052,517,3660,20118,6375,30.245897,22975.15101,167748.5427,17092.73298,21199.70585
280,U,Los Angeles,CA,42147,1575,2437,35593,11640,33.995096,51442.661,433846.436,23841.44347,32642.19006
281,U,Los Angeles,CA,32106,6240,623,14962,11886,41.002822,71214.614,686133.8577,16296,23616
282,U,Los Angeles,CA,40231,406,169,40768,10652,34.587487,26548.84616,381343.2086,23295,29852
283,U,Los Angeles,CA,27634,6544,845,11302,9638,40.139075,74132.16921,514505.6921,14064.61192,21580.21423
284,U,Los Angeles,CA,38308,2792,5425,,11690,35.824794,47166.1808,504806.9649,20430,27394
284,U,Los Angeles,CA,38308,2792,5425,,11690,35.824794,47166.1808,504806.9649,20430,27394
285,U,Los Angeles,CA,19028,841,3994,13537,6354,34.673734,-12,484246.9769,10594,13841
285,U,Los Angeles,CA,19028,841,3994,13537,6354,34.673734,-12,484246.9769,10594,13841
286,U,Los Angeles,CA,24237,2296,610,16321,7869,36.50054,49439.28605,607838.3542,11808,16334
287,U,Los Angeles,CA,33518,3281,2549,11800,15351,34.374046,59712.58586,545003.1299,16600,25324
288,U,Los Angeles,CA,26935,563,12963,10734,9582,34.027362,34881.86111,381014.3263,14161,18932
289,U,Los Angeles,CA,58834,884,7901,48026,15558,33.224615,28702.9552,401742.5345,31884.00941,40448.09005
29,U,Los Angeles,CA,32040,904,4843,23023,8740,28.057878,19491.40328,162738.0831,20632.4131,25256.11529
290,U,Los Angeles,CA,18345,1424,475,7009,6953,42.011207,85504.04192,485240.4266,10886.22599,15753.75403
291,U,Los Angeles,CA,28618,1406,2564,24167,6799,34.213845,44264.57611,339842.0046,17631,23376
292,U,Los Angeles,CA,29895,2472,1122,8912,9912,39.077675,84196.71681,564507.153,15562.02384,22726.55045
293,U,Los Angeles,CA,64967,1512,15371,33962,18916,29.543236,38384.13855,182765.6573,46230.85608,58258.77723
294,U,Los Angeles,CA,37697,2074,5555,13386,12347,34.64413,64036.59962,287261.1705,25065.99162,34215.46888
295,U,Los Angeles,CA,22691,763,4752,10291,7416,34.75162,36350.54537,209812.3706,15541.98735,19546.68925
296,U,Los Angeles,CA,58237,4833,10767,33064,19943,31.127618,25436.71867,360637.5591,26028,33494
297,U,Los Angeles,CA,36171,5552,7760,21013,10991,32.722424,34230.64588,425897.6564,20327,26361
298,U,Los Angeles,CA,46535,765,587,44329,12276,32.544412,20929.27246,397007.5503,23240,29413
299,U,Los Angeles,CA,30756,3274,7809,13725,11359,38.588536,47206.0186,877522.2041,14380,20905
3,R,Columbus-Tupelo,MS,21122,115,4028,322,8318,42.216689,40564.91795,99270.27038,16512.79466,20310.86913
30,R,Fresno-Visalia,CA,27520,670,145,24569,7572,29.799651,32404.4609,183775.6874,18195,23002
300,U,Los Angeles,CA,29650,499,1784,26439,6897,31.572145,22031.8486,365204.6836,15453,20090
301,U,Los Angeles,CA,25782,631,6722,17541,7986,35.243515,31600.15216,543889.0436,14207,18808
302,U,Los Angeles,CA,1,470,7073,44426,12265,31.219991,16855.34008,364653.0161,,34277
303,U,Los Angeles,CA,31843,4436,514,19895,9799,38.48323,49143.48491,650577.0109,15861,22456
304,U,Los Angeles,CA,27800,146,1485,26206,6241,32.268878,20363.27363,357342.2676,15567.09791,19429.3058
305,U,Los Angeles,CA,30429,7059,468,22305,9176,38.024703,27161.68905,469590.3165,15542,20311
306,U,Los Angeles,CA,29099,165,7677,21532,6834,30.11543,19830.9044,303664.309,18460,22843
306,U,Los Angeles,CA,29099,165,7677,21532,6834,30.11543,19830.9044,303664.309,18460,22843
307,U,Los Angeles,CA,26023,2432,3429,3725,12074,38.378619,82804.76087,978838.352,10103,17995
307,U,Los Angeles,CA,26023,2432,3429,3725,12074,38.378619,82804.76087,978838.352,10103,17995
308,U,Los Angeles,CA,44380,387,16177,26395,11828,31.538089,19021.21368,347282.7932,26210.35435,32686.31894
309,U,Los Angeles,CA,12828,173,7156,5559,4052,39.222903,50290.02697,435230.9615,8131.701284,11000.95775
31,U,Los Angeles,CA,33820,848,2581,27724,8566,31.160769,37240.08072,297859.8117,21691.21576,28417.13305
310,U,Los Angeles,CA,20135,917,705,18094,5971,34.759096,16030.02086,458022.6738,8594.990463,11097.47247
311,U,Los Angeles,CA,38540,7702,1807,28446,14051,36.308799,19432.79536,535641.9861,14316.49231,20131.14835
312,U,Los Angeles,CA,42953,1320,385,41705,11046,36.453799,27089.00615,385042.5229,26231,36454
313,U,Los Angeles,CA,33520,623,11315,21859,9841,37.146704,25300.27464,440474.4751,18834,24340
314,U,Los Angeles,CA,29962,9921,434,15286,9284,38.13171,43786.22095,512481.6434,15489,24700
315,U,Los Angeles,CA,21184,125,1222,19714,4778,31.182284,30020.92716,371552.4504,12481.30716,15764.59429
315,U,Los Angeles,CA,21184,125,1222,19714,4778,31.182284,30020.92716,371552.4504,12481.30716,15764.59429
316,U,Los Angeles,CA,22792,211,1240,19811,4698,32.275039,39633.64075,365764.4289,12228.12398,15887.25829
317,U,Los Angeles,CA,23455,119,149,21838,5423,33.384076,27642.16125,366142.1689,,15004.24322
318,U,Los Angeles,CA,34726,1697,216,32072,10075,36.349435,34056.56779,407471.9131,20608,27913
319,U,Los Angeles,CA,43914,6176,1282,34292,11914,34.219693,40318.56442,433066.31,26972,36703
32,U,Los Angeles,CA,33942,976,3492,19214,10083,31.009567,-12,189348.6005,23563.31777,30952.25879
32,U,Los Angeles,CA,33942,976,3492,19214,10083,31.009567,-12,189348.6005,23563.31777,30952.25879
320,U,Los Angeles,CA,52323,4988,9963,32240,15011,32.167072,35794.88021,340149.2885,29768,38400
321,U,Los Angeles,CA,53002,4928,1827,43477,13761,36.474775,51868.78973,402455.8993,30600.44087,41595.95501
322,U,Los Angeles,CA,21730,196,413,20893,4501,32.840014,30415.87791,393752.7707,15903,19823
323,U,Los Angeles,CA,29910,631,5328,,9037,29.685604,31128.60716,189303.2044,22786.52832,27903.70075
324,U,Los Angeles,CA,29480,715,3887,21771,8458,32.141801,40908.2845,187937.5174,22703.86514,28606.11692
325,U,Los Angeles,CA,1,1714,3683,22057,9409,33.939258,42903.16711,387770.2054,19438,25689
326,U,Los Angeles,CA,61831,4288,10789,35004,19761,36.478935,49214.30855,569576.7126,,43416
327,U,Los Angeles,CA,21884,1209,1269,18674,6785,32.086762,39393.82467,347705.4616,16873,20769
328,U,Los Angeles,CA,55947,7802,1672,31205,17619,37.878412,55417.09303,454548.3232,30780,43830
329,U,Los Angeles,CA,21395,9673,156,12253,6119,39.0534,44406.35298,466449.5207,11593,16063
33,U,Los Angeles,CA,49377,1708,8159,25822,13874,30.12411,47405.77846,193316.0288,32014.02316,43323.72578
330,U,Los Angeles,CA,16323,1607,378,7457,5605,42.499062,74168.6549,429503.5245,8900.464103,12848.82821
331,U,Los Angeles,CA,50261,1472,403,42372,15887,37.915861,53769.15495,451965.7923,27671.61048,38076.48337
332,U,Los Angeles,CA,17344,3318,556,9291,5133,39.301153,70953.38653,553591.4925,9759,14343
333,U,Los Angeles,CA,21562,2296,1100,3599,9807,37.879473,82834.76306,715592.6998,9532,17209
334,U,Los Angeles,CA,1,7451,167,36987,10188,33.7393,33079.61036,408981.4751,25681,33170
335,U,Los Angeles,CA,15582,69,51,15260,3778,34.039244,28238.89867,415199.8372,8389.508565,10699.40811
336,U,Los Angeles,CA,20548,76,69,19582,5028,33.76205,-12,380496.458,10976.89364,14186.2702
336,U,Los Angeles,CA,20548,76,69,19582,5028,33.76205,-12,380496.458,10976.89364,14186.2702
337,U,Los Angeles,CA,28310,2640,321,23401,6765,33.587909,41801.92858,439110.9914,17483,23344
338,U,Los Angeles,CA,33295,1804,874,25302,8218,35.201562,57631.93257,396774.5628,20136,27864
339,U,Los Angeles,CA,1,2748,1891,12829,5820,33.957977,40946.14426,447971.5792,11092.00149,15035.44534
34,U,Los Angeles,CA,42958,1305,6202,31904,11263,32.45176,50649.3982,236072.23,30779.46015,40557.14228
340,U,Los Angeles,CA,37938,14313,409,9988,14556,41.861827,65957.79714,507889.5396,21194,33391
341,U,Los Angeles,CA,36317,5485,1272,,11412,34.317727,35746.34816,508273.5327,18684,27068
342,U,Los Angeles,CA,36175,4022,1503,21276,11544,35.957926,52042.18916,467119.2986,20454,29360
343,U,Los Angeles,CA,51101,3536,1903,43369,13096,30.516766,26200.82995,311756.5657,28506.4116,37068.38432
344,U,Los Angeles,CA,37273,3167,636,21541,11834,37.583371,74599.75062,522807.3712,19962.06797,28452.53332
345,U,Los Angeles,CA,53356,1448,1603,48595,13918,32.378915,34309.14538,382084.3239,31585.77574,40383.90199
346,U,Fresno-Visalia,CA,29233,1288,1009,18631,9507,31.224678,44255.01929,193080.8212,20305.36202,25454.61176
347,R,Fresno-Visalia,CA,42271,1227,1132,34472,12290,30.931066,-12,262145.4979,30234,38741
347,R,Fresno-Visalia,CA,42271,1227,1132,34472,12290,30.931066,-12,262145.4979,30234,38741
348,U,Fresno-Visalia,CA,44197,5030,2904,,13081,28.963633,26024.98142,144128.9876,28876,34892
349,R,Salinas-Monterrey,CA,9497,106,17,7930,2079,30.836874,74214.93703,407930.6667,6140,7812
35,U,Fresno-Visalia,CA,24361,951,269,16341,6900,30.678733,32489.63027,159983.9542,14911.79063,18650.84022
350,R,Salinas-Monterrey,CA,14005,172,74,13261,3506,30.604548,42588.13859,239086.994,9829,12113
351,U,Salinas-Monterrey,CA,27460,287,96,26602,5832,30.116937,32025.63977,292847.4966,20369,23944
352,U,Salinas-Monterrey,CA,20886,608,196,13160,6063,36.118099,88725.70071,447971.3388,16571.33081,20896.81806
353,U,Salinas-Monterrey,CA,46933,2819,924,36112,12781,34.444727,72678.29137,315723.6294,30729.39032,39267.05735
354,U,San Francisco-Oakland-San Jose,CA,51595,1075,461,25811,17899,36.72056,83674.7147,530589.2705,32265,42842
355,R,Sacramento-Stockton,CA,27137,474,230,1977,12096,51.177938,66013.2543,343292.4244,23110,28235
356,U,Los Angeles,CA,33889,1457,335,22441,10431,33.456352,54202.5431,494245.8497,19926.08296,27091.26009
357,U,Los Angeles,CA,57513,21159,1951,13942,18447,41.076705,85824.82312,591597.6927,29644,45011
358,U,Los Angeles,CA,39995,6555,1270,24362,10532,33.933452,53266.04448,462264.706,22209.19774,30680.39356
359,U,Los Angeles,CA,13028,1552,218,6350,4256,38.559302,62191.681,496096.121,7646.050337,10858.3816
36,U,Sacramento-Stockton,CA,21626,3296,1383,4348,6922,39.010316,93902.10381,367329.5637,13457,18603
360,U,Los Angeles,CA,10825,5664,90,3829,3207,41.720296,50581.74882,412327.6548,6265,8448
361,U,Los Angeles,CA,17077,2617,349,9866,5901,38.604544,66987.1659,402119.1735,9216.648398,13351.5227
362,U,Los Angeles,CA,29972,2993,262,7572,10139,40.875007,102373.7008,592691.4807,16794,24806
363,U,Los Angeles,CA,11606,1355,81,7804,3466,37.306531,78351.30648,604263.8289,7640.34235,10400.72426
364,U,Los Angeles,CA,19786,841,107,20197,4030,30.16496,31764.9675,327998.6864,10514,13088
365,U,Los Angeles,CA,55582,1505,551,52000,9908,33.892697,35351.64859,398982.0511,30936,
366,U,Los Angeles,CA,50941,15314,397,33103,11275,38.729235,45003.32551,336256.7314,28744,37012
367,U,Los Angeles,CA,40578,14957,407,13947,11325,39.333121,53396.4725,504843.7736,21869,29597
368,U,Los Angeles,CA,30717,20733,249,8598,8974,42.26554,51491.79393,440349.1239,19775,26569
369,U,Los Angeles,CA,31676,5842,450,6052,10341,40.145413,108266.5878,728360.7133,15065,25017
37,U,Los Angeles,CA,24834,577,2362,8350,8020,34.395132,48324.53676,208996.5852,17056.37727,22350.40634
370,U,Sacramento-Stockton,CA,61968,6392,1105,7679,21683,37.161937,104288.0453,433164.6863,33548,49771
371,U,Los Angeles,CA,17149,515,1789,13957,4455,31.08737,29311.73952,294377.8581,12175,14786
372,R,Los Angeles,CA,14098,172,1423,,5056,39.089467,33836.11257,133884.8368,9167.037944,12223.48049
373,U,Palm Springs,CA,51240,2427,1285,,18162,39.019354,47867.92504,255182.9512,33051.72507,45857.25857
374,U,Los Angeles,CA,55481,3922,2135,36381,16942,33.957708,66293.94054,340625.433,44198.93694,60588.81278
375,U,Los Angeles,CA,32679,751,1590,13819,10444,35.549833,40460.4479,204274.5303,20235.34057,26529.5033
376,U,Palm Springs,CA,38025,674,851,33165,12084,37.362073,35022.7433,208564.6844,26299.98063,35403.61254
377,U,Los Angeles,CA,38268,1412,1629,20501,10986,32.270516,64063.22928,307700.8758,23576.49162,32490.19522
377,U,Los Angeles,CA,38268,1412,1629,20501,10986,32.270516,64063.22928,307700.8758,23576.49162,32490.19522
378,U,Los Angeles,CA,27346,1132,947,13206,7815,33.497081,55544.00347,263385.8416,16411.98999,21939.56476
379,U,Palm Springs,CA,47035,1711,1042,17147,17809,42.387361,77901.95684,365995.5232,25633.28947,39565.80622
38,R,San Diego,CA,1,484,263,7662,10310,40.110301,87289.16219,473662.3205,23572.07313,31369.37111
380,U,Los Angeles,CA,36170,2014,2447,12521,11475,35.985057,69681.61156,335093.9743,20178,29856
381,U,Los Angeles,CA,24224,248,199,17898,5517,33.858178,57770.53063,382042.1376,18626,24388
382,U,Los Angeles,CA,43493,1972,7513,26003,11951,31.528626,46229.04279,254605.7605,25003,33362
382,U,Los Angeles,CA,43493,1972,7513,26003,11951,31.528626,46229.04279,254605.7605,25003,33362
383,U,Los Angeles,CA,40396,2411,1999,12625,13597,35.914853,79135.31644,371119.0546,22103.38482,31727.09877
384,U,Palm Springs,CA,19772,741,329,5686,8344,46.178192,68857.92166,378812.9319,10741.26449,16562.14565
385,U,Palm Springs,CA,35058,1265,1707,11128,15763,45.686833,60674.15683,403382.8788,19496.93097,29716.19132
386,U,Los Angeles,CA,25465,309,1961,20240,5918,32.487316,30616.8688,189228.7589,19553.52583,24109.63002
387,U,Los Angeles,CA,23038,980,1186,15936,6998,31.946992,42769.59072,292491.6849,15556.69799,20379.69724
388,U,Los Angeles,CA,49610,3817,3584,22059,12790,34.948597,77728.44868,405848.8977,,42446.23654
389,U,Los Angeles,CA,18910,672,339,15168,4465,31.899614,50793.188,298854.492,12767.64735,16249.6844
39,U,Los Angeles,CA,39155,3073,1579,31947,8576,32.016138,40716.35462,327784.3996,25846,32448
390,U,Los Angeles,CA,27924,725,1390,10702,9724,35.492093,60958.6855,339872.2906,15479,21682
391,U,Los Angeles,CA,16985,1098,863,9901,5026,35.323839,58844.98222,282580.3366,10328,14228
392,U,Los Angeles,CA,33123,864,1310,26609,8353,33.002645,42587.3618,246767.3586,23240.99499,30446.9868
393,U,Los Angeles,CA,69881,5740,2575,16808,20704,35.023808,96285.64317,435132.1108,34801.12375,53176.22987
394,U,Sacramento-Stockton,CA,25844,918,672,4541,9985,36.648019,63386.66693,271114.6333,17319,22133
394,U,Sacramento-Stockton,CA,25844,918,672,4541,9985,36.648019,63386.66693,271114.6333,17319,22133
395,R,Sacramento-Stockton,CA,1,1066,490,13128,8731,36.636572,67899.05132,313253.8374,19022.72761,25227.54291
395,R,Sacramento-Stockton,CA,1,1066,490,13128,8731,36.636572,67899.05132,313253.8374,19022.72761,25227.54291
396,U,Sacramento-Stockton,CA,35887,1842,3433,10239,11420,32.360451,44298.57244,209273.1629,24709,30538
397,U,Sacramento-Stockton,CA,20500,2433,1460,2884,9602,38.501268,80997.8719,471453.2875,13771,19732
398,U,Sacramento-Stockton,CA,15616,2259,3281,5314,4862,31.306461,28116.53311,177729.1787,11671.72584,13680.61123
399,U,Sacramento-Stockton,CA,1,3105,3020,6593,11407,36.608717,63009.59933,257327.9331,20992.98325,28804.09156
4,U,Lafayette IN,IN,23245,356,1738,4419,10007,34.422207,46588.53452,95069.52144,15787.10136,19450.96845
40,U,Los Angeles,CA,29457,141,9605,21192,7465,31.836056,29722.63218,301780.7239,18703.37255,
400,U,Sacramento-Stockton,CA,34451,7751,8449,12082,10076,32.480128,40532.64695,219260.6148,22219.72842,26964.94216
401,U,Sacramento-Stockton,CA,33733,7690,8518,11730,9738,34.269946,34915.00098,205508.7025,22533,27083
402,U,Sacramento-Stockton,CA,43774,6778,4987,16648,13633,36.052284,38075.89807,210461.2418,27244.05882,32811.3905
403,U,Sacramento-Stockton,CA,21143,1109,2654,6752,8917,36.923824,37667.63832,243579.5113,15619,19283
404,U,Sacramento-Stockton,CA,14823,741,1413,3052,6209,39.620333,50340.19719,319614.7784,9965,12764
405,R,Salinas-Monterrey,CA,48298,1448,358,33225,13204,34.337186,84513.01538,457192.4877,32061,42781
406,U,Los Angeles,CA,24982,611,2249,10317,8331,35.458995,45329.75354,208502.3098,17080.20344,22421.2837
407,U,Los Angeles,CA,16791,399,1250,15178,4570,33.935323,46126.32136,259191.8783,12855.45164,16815.09252
408,U,Los Angeles,CA,22893,1582,571,15179,5818,34.638846,65698.05513,383541.4627,13622.67418,19052.96792
409,U,Los Angeles,CA,41801,12253,1252,15023,13175,38.642042,107026.8677,549552.7066,23176,36118
41,U,Los Angeles,CA,1,2980,4609,20601,13510,34.50559,58169.15212,275755.405,27059.48515,37412.88571
41,U,Los Angeles,CA,1,2980,4609,20601,13510,34.50559,58169.15212,275755.405,27059.48515,37412.88571
410,U,Los Angeles,CA,57029,1050,2223,53121,14271,31.526583,38275.89204,268405.2718,42700.39955,54738.38323
411,U,Los Angeles,CA,23674,1104,2640,12270,7991,33.079779,49673.83746,240610.3866,14598,
412,U,Los Angeles,CA,37319,616,1688,20701,11736,32.039136,42769.31083,188017.3722,28079.07843,36356
412,U,Los Angeles,CA,37319,616,1688,20701,11736,32.039136,42769.31083,188017.3722,28079.07843,36356
413,U,Los Angeles,CA,41084,3815,1518,33121,10823,33.932604,46135.43757,320094.9236,28118,36683
414,U,Los Angeles,CA,26073,1508,1283,21158,6806,33.741449,51841.21486,310520.1522,18867,25491
415,U,Los Angeles,CA,29405,927,1366,25775,8097,32.470559,37433.22904,319279.0429,19454,25063
416,U,Los Angeles,CA,27803,2184,1869,22754,7916,33.460854,51149.36011,330210.9276,19007,25731
417,R,Los Angeles,CA,33705,1418,500,10614,10728,38.664296,60346.68008,251498.9135,24844.76255,32257.41656
418,U,Los Angeles,CA,32595,542,3702,26752,8548,31.29488,33409.65179,172949.1503,22129.77759,28503.54894
419,U,Los Angeles,CA,19764,394,3211,14089,4677,29.795132,40915.80905,261697.3682,12195.82479,16064.63736
42,U,Salinas-Monterrey,CA,35453,2782,2630,,11030,33.122881,69876.81085,502613.7192,20700.52045,27045.60856
420,U,Los Angeles,CA,22868,337,2809,17576,6783,29.992605,28880.10521,208813.8782,16267.84785,
421,R,Los Angeles,CA,22893,556,2342,4511,8481,29.055104,40734.16765,104287.5065,12648.48674,16955.24055
422,U,Los Angeles,CA,36011,2694,2028,17381,12685,37.925887,68445.33479,410587.6199,22081.7061,31515.24233
423,U,Los Angeles,CA,37893,1461,5395,18222,11367,30.488082,50736.74169,289301.8048,21912,30494
424,U,San Diego,CA,12325,332,278,8711,3546,38.379943,47178.20511,427269.9594,11901,14728
424,U,San Diego,CA,12325,332,278,8711,3546,38.379943,47178.20511,427269.9594,11901,14728
425,U,San Diego,CA,71178,9774,4186,40606,22227,37.3038,81935.50843,487118.1666,43964.93779,63883.62211
426,U,San Diego,CA,25670,777,685,6171,8969,38.73545,67848.48372,367156.5244,18233,24261
427,R,El Centro-Yuma,CA,8633,131,41,6320,2515,32.241805,44439.16089,197762.1324,7404,9399
428,U,San Diego,CA,28788,1008,808,,7624,30.065607,39058.60869,325249.0169,18587,23107
429,U,San Diego,CA,40835,2050,871,25369,11826,33.352438,54568.57074,290566.1104,27049,34671
43,U,Los Angeles,CA,36829,5670,1893,15646,13657,39.865016,68609.17541,541419.171,20072.34459,27845.87657
430,U,San Diego,CA,28974,1177,514,15481,8268,34.534245,63360.53672,428179.45,18943,24423
431,U,San Diego,CA,26714,1515,4059,11193,8049,37.664771,48996.58876,379765.1519,18794,23940
432,U,San Diego,CA,16452,594,105,2153,6995,41.56068,112828.1967,1190347.505,9512,14596
433,U,San Diego,CA,13127,642,439,11376,4129,35.257941,25729.41304,341441.7801,13192,15399
434,U,San Diego,CA,29462,4433,1990,18904,8034,40.901449,44838.41236,376400.0224,21077.82629,26501.19358
435,U,San Diego,CA,36149,2076,2195,18571,11013,35.719794,62603.54469,326248.4435,21595.15293,30124.95165
436,U,San Diego,CA,17639,494,794,10303,6798,33.556103,52892.83814,569622.7107,,16652.9989
437,U,San Diego,CA,30827,3332,507,6745,10355,38.412106,93147.40487,572870.5077,20699.98627,28839.3034
437,U,San Diego,CA,30827,3332,507,6745,10355,38.412106,93147.40487,572870.5077,20699.98627,28839.3034
438,U,San Diego,CA,17381,382,144,1632,8838,35.575726,81809.66429,773773.4912,10468.89168,14179.69231
439,U,San Diego,CA,21819,1275,2219,6691,11141,33.76042,54842.63518,487000.8035,12549,17342
44,U,Los Angeles,CA,1,4570,2726,27694,19453,34.93689,72863.38214,355609.8261,32770,46881
440,U,San Diego,CA,22937,4658,3491,11724,7739,31.346257,22457.28107,315541.5921,13482,16174
441,U,San Diego,CA,23121,4228,5162,9502,6499,35.411007,37836.1352,334121.1725,15298.85927,20304.11042
441,U,San Diego,CA,23121,4228,5162,9502,6499,35.411007,37836.1352,334121.1725,15298.85927,20304.11042
442,U,San Diego,CA,15479,325,803,10731,5598,34.01701,30478.76588,453160.2167,9307,11557
443,U,San Diego,CA,30131,3567,3514,18546,9560,31.378298,24289.67243,403033.8424,19996,24001
444,U,San Diego,CA,11107,149,779,9832,2930,34.311812,20056.94598,395000.0567,9421,11107
445,U,San Diego,CA,24826,398,466,22185,6278,33.952333,28238.50153,379442.3853,41726.99596,49876.93785
446,U,San Diego,CA,42929,2811,6304,23489,12296,35.880356,51538.56281,361619.2065,32067.7235,40801.47347
447,U,San Diego,CA,17840,773,480,6782,5782,34.741262,62867.31502,385020.0022,10940,14837
447,U,San Diego,CA,17840,773,480,6782,5782,34.741262,62867.31502,385020.0022,10940,14837
448,U,Los Angeles,CA,30942,409,448,27864,6957,34.435644,42778.66618,391791.0437,18552,24708
449,U,Sacramento-Stockton,CA,48402,2848,486,14815,18391,38.683536,76052.07587,326041.8129,29619,40619
45,R,Fresno-Visalia,CA,29809,1094,249,25536,8478,33.753819,37839.58647,202370.8618,19345.7657,24653.71872
450,U,Sacramento-Stockton,CA,42466,12661,6611,16580,12679,31.570765,40555.93477,184846.2409,26514,33380
451,U,Sacramento-Stockton,CA,39758,2351,3855,18350,15692,34.69296,42583.3092,207570.7174,27126.07872,34286.18513
452,U,Santa Barbara-Santa Maria-San Luis Obispo,CA,39254,1222,1717,22442,13402,33.025737,46947.12139,259162.7156,26255,32833
453,U,Santa Barbara-Santa Maria-San Luis Obispo,CA,34644,981,597,21014,13590,34.022881,69071.49385,932763.8768,21768,28829
454,U,Santa Barbara-Santa Maria-San Luis Obispo,CA,67529,2020,755,54568,16988,30.635937,45050.29552,300152.8053,46985.5271,57319.611
455,U,San Francisco-Oakland-San Jose,CA,46544,2963,800,32371,13448,33.611989,90932.38903,583953.8729,30908.87699,41530.23033
456,U,Sacramento-Stockton,CA,31738,3917,6832,10457,9992,34.249751,72622.09812,325303.0422,21587.42079,27851.15237
457,U,Sacramento-Stockton,CA,51784,3152,4469,12693,17854,35.146491,86353.805,365159.9914,31071.20732,42743.80846
458,U,San Francisco-Oakland-San Jose,CA,18696,4491,4128,5299,6838,42.253027,91385.54702,368560.184,12373.08102,16457.39183
459,U,Sacramento-Stockton,CA,29330,2265,1505,20471,8064,31.566403,26623.09465,158707.4737,23812,27831
46,U,Los Angeles,CA,1,18707,415,,15172,37.255529,37760.88907,440414.1024,32998,44371
460,U,Sacramento-Stockton,CA,31643,1591,1181,10397,11889,37.249325,65546.34943,269366.0991,19273.73163,25432.05654
461,U,Sacramento-Stockton,CA,21607,465,211,6536,7642,34.491017,-12,272745.0345,14832.01999,19546.35198
461,U,Sacramento-Stockton,CA,21607,465,211,6536,7642,34.491017,-12,272745.0345,14832.01999,19546.35198
462,U,Sacramento-Stockton,CA,64962,5140,1305,27491,23106,34.975626,60218.0736,278161.367,41139,55541
463,U,Fresno-Visalia,CA,10951,123,106,5364,3655,32.143585,44096.01224,207783.1207,7172.55739,9342.104123
464,U,Fresno-Visalia,CA,23437,1182,249,14798,7097,29.779054,50373.40897,190507.7351,14470.64693,18923.39743
465,R,Sacramento-Stockton,CA,23415,401,148,2409,10273,48.1829,64065.3174,264970.5842,20176.14676,25260.06877
466,R,Los Angeles,CA,17062,227,85,13048,4970,37.646179,64953.03851,364599.8386,12157,15853
467,U,Los Angeles,CA,29410,2093,396,10074,8774,38.54184,113235.8404,645781.2751,16247.75219,24572.37501
468,U,Los Angeles,CA,87536,2988,1807,71017,17820,32.156914,53030.13591,369419.017,52881,64958
469,U,Los Angeles,CA,33467,1362,948,24339,9350,35.946972,67976.66358,486439.3162,19734,26009
469,U,Los Angeles,CA,33467,1362,948,24339,9350,35.946972,67976.66358,486439.3162,19734,26009
47,U,Sacramento-Stockton,CA,18972,5947,2872,5472,5866,36.982643,40233.48466,182601.3675,16604,20128
470,R,Los Angeles,CA,22344,171,133,,6257,33.612375,47735.41116,355219.9193,14984,18656
471,U,Los Angeles,CA,21201,1591,186,7662,6648,38.031126,89452.54101,508016.2219,14006,19717
472,U,Los Angeles,CA,37645,3196,447,10444,13220,40.034629,88509.21429,456714.2112,22624,32598
473,U,Los Angeles,CA,29474,938,419,8384,12427,39.780451,78517.6713,481585.7838,18906,25495
473,U,Los Angeles,CA,29474,938,419,8384,12427,39.780451,78517.6713,481585.7838,18906,25495
474,U,Sacramento-Stockton,CA,25916,1968,1086,10363,9419,34.597172,36865.02045,226050.6332,16271,27569
475,U,Sacramento-Stockton,CA,33416,1082,428,16229,12299,38.52029,65897.33122,339367.1504,21568.841,27717.59984
476,U,Sacramento-Stockton,CA,17075,1047,717,5265,6514,30.954483,35378.28357,153885.8568,13676,16494
477,U,San Diego,CA,34441,2895,968,20455,9692,33.55272,60127.05177,363442.1929,20519,27655
478,U,San Diego,CA,21552,1331,690,17835,5868,41.453452,52971.75413,329273.0799,19424.44758,24651.31127
479,U,Los Angeles,CA,27889,752,201,23735,6722,35.244924,56442.62656,425625.4453,16913,22657
479,U,Los Angeles,CA,27889,752,201,23735,6722,35.244924,56442.62656,425625.4453,16913,22657
48,U,Sacramento-Stockton,CA,31295,2581,1344,13848,11375,35.592462,48294.53047,231693.5956,21898,27526
480,U,Sacramento-Stockton,CA,81349,13353,1216,7723,29495,39.119372,134954.7197,515984.7883,44068,68499
481,R,Fresno-Visalia,CA,21219,444,413,16697,6339,31.124709,34590.4676,156679.8941,14466,17957
482,U,Los Angeles,CA,29773,2873,628,26170,9007,36.820888,37436.56246,458295.9266,16990,22523
483,U,San Francisco-Oakland-San Jose,CA,45462,9291,947,32057,9182,36.882016,80560.19812,554381.5101,29663.7662,37027.81857
484,U,Los Angeles,CA,56913,4644,3425,16808,18149,33.607894,81176.13394,393785.0276,29567.28648,44047.30027
485,R,Fresno-Visalia,CA,15108,674,156,7114,4998,34.402582,60097.00616,280437.4352,9694.177574,13181.37887
486,R,Bakersfield,CA,17533,216,251,6301,5748,30.12615,33733.72766,123883.1554,11550.97653,14425.76892
487,U,Los Angeles,CA,26675,4856,1220,11469,8562,38.681196,66775.97065,553896.6602,13695,19517
488,U,Los Angeles,CA,30473,4991,2388,19332,8388,35.696955,49426.60043,398952.9146,16824,22348
489,U,San Francisco-Oakland-San Jose,CA,25793,3597,4723,8243,8806,40.322525,75642.29244,328638.2345,18560.00818,23637.02529
49,U,Los Angeles,CA,21014,9288,258,7735,6315,38.614956,56219.28876,496038.7306,13670,18352
490,U,Los Angeles,CA,18450,1756,730,6894,6736,37.548293,81347.0639,491683.2357,11505.60601,16837.30617
491,U,San Diego,CA,48566,2146,2114,8053,21949,36.809362,87807.18272,620606.2431,31467.96364,45155.34295
492,U,San Diego,CA,21610,2171,1563,12812,5298,35.113638,67114.42369,482892.4168,23519.89143,30442.09785
493,U,San Diego,CA,16888,311,699,13404,5234,35.427285,30723.70381,234143.7812,15206,18712
494,U,Los Angeles,CA,18514,1181,782,8677,5909,37.721681,79320.7295,387315.4205,11678.45241,17047.09402
495,U,Sacramento-Stockton,CA,19977,984,345,16394,4905,29.378841,37250.92441,200645.9323,16044,
496,U,San Diego,CA,52802,2042,1105,,21526,40.083027,88640.49144,644262.5814,31480,45351
497,U,Los Angeles,CA,32071,7168,1174,9452,12202,43.780359,96703.58533,547856.4439,18317,28846
498,R,San Diego,CA,19283,933,253,5566,5968,43.13919,-12,556563.0186,14859,20083
498,R,San Diego,CA,19283,933,253,5566,5968,43.13919,-12,556563.0186,14859,20083
499,R,Eureka,CA,33024,862,452,,14346,32.954463,49712.84829,325321.9651,21769,26953
5,U,Tampa-St. Petersburg,FL,23755,320,5507,11492,7732,40.258839,33676.32275,120088.6661,13951.14431,19445.23473
50,U,Los Angeles,CA,24640,406,1206,22443,6667,30.518572,28509.79229,192881.3546,17259,22031
500,U,Las Vegas,NV,21974,1586,2346,6418,8791,39.781478,67767.4494,200593.1745,10913,15223
501,R,Reno,CA,33256,1095,325,7165,14465,43.684911,70580.05752,436144.227,25581,33043
502,U,Los Angeles,CA,18533,1749,278,11081,5933,36.938213,69176.25074,517710.4195,10098,14534
503,U,Los Angeles,CA,18173,1455,3144,8980,5225,33.925472,67987.39883,344548.9665,11726.302,16830.62262
504,U,Los Angeles,CA,57348,4671,1123,15237,20650,41.329004,103450.2165,612195.4014,31939,46966
505,U,Sacramento-Stockton,CA,28805,3884,4536,11536,11299,34.190498,40543.63246,222123.7168,17366.41608,22403.9723
506,U,Salinas-Monterrey,CA,19228,3107,1712,7135,7574,35.283654,72640.64234,459024.4939,12595.04603,17077.85633
507,R,Fresno-Visalia,CA,15551,581,50,15510,3847,28.787306,24431.05003,126729.3429,11237.28496,13217.11974
508,U,Palm Springs,CA,15649,611,196,5514,7004,52.308812,72023.61327,311994.6538,10001.8336,15706.74127
509,R,Sacramento-Stockton,CA,18884,207,157,2049,8411,51.169593,87840.70901,311987.7394,18482,23055
51,R,Palm Springs,CA,1,774,2209,24547,13029,35.264155,29188.21798,159501.2346,26866.38736,35255.82184
510,U,Los Angeles,CA,1,119,8240,18055,6266,28.723824,19183.19886,330796.23,16521,20531
511,U,Los Angeles,CA,1,3033,4240,25964,12021,35.92481,51541.07854,424824.059,21980,29961
512,R,Los Angeles,CA,23126,329,104,3968,10341,43.50768,73794.45689,329519.7642,19014.65155,24539.76409
513,U,San Francisco-Oakland-San Jose,CA,21571,2683,1081,10369,7925,36.925024,92911.43749,735447.3515,12406.37433,16737.64435
514,U,Fresno-Visalia,CA,50630,6130,1101,12661,17155,35.746623,86570.96777,328864.2005,28548.8761,42945.50652
515,U,Sacramento-Stockton,CA,25195,2238,3264,5377,8386,34.297221,51353.77845,241927.0569,16832,20878
516,U,Salinas-Monterrey,CA,32866,766,121,26735,8003,33.732015,59939.5181,449993.6776,25967.18859,31721.62398
517,U,Los Angeles,CA,31860,3227,1197,10407,12202,43.650367,89640.58566,612152.172,15916.96361,23922.5748
518,R,Bakersfield,CA,13872,141,90,13479,3217,27.367085,24506.87745,151092.6888,8641.709141,10990.32964
519,U,Los Angeles,CA,24404,1657,1012,7944,8096,34.717715,70310.99828,316381.3891,13537,19250
52,R,Fresno-Visalia,CA,13061,153,491,11702,4093,29.943304,25707.11508,138084.5788,9265,11572
520,R,Medford,CA,1,184,172,1385,8463,45.21859,44470.02341,181358.0721,16696,20545
521,U,Salinas-Monterrey,CA,35116,1834,745,20873,12315,35.377571,73219.68655,419237.1106,25391,33357
521,U,Salinas-Monterrey,CA,35116,1834,745,20873,12315,35.377571,73219.68655,419237.1106,25391,33357
522,R,Eureka,CA,27273,1357,328,3008,11358,40.884889,45101.37026,273321.9621,18369,22717
523,U,Los Angeles,CA,36571,2343,2158,22721,10488,32.066077,55727.04315,338331.5363,22265,30024
524,U,San Diego,CA,25571,1132,1836,7863,8074,32.105088,41650.70987,296574.8852,15980,20341
525,R,Sacramento-Stockton,CA,44451,16269,5258,8885,13367,35.897404,92563.27066,427668.9285,23952.95429,35446.28999
526,R,Salinas-Monterrey,CA,19406,320,160,17307,4524,31.745325,64920.12646,313732.8095,12734,16295
527,U,Los Angeles,CA,28495,2332,703,19768,8355,33.41096,53127.61864,417034.0971,16021.6945,22100.5504
528,U,San Francisco-Oakland-San Jose,CA,30218,8495,1230,,9478,37.007738,121956.6341,774408.5788,13157.57262,19608.43365
529,R,Minneapolis-St. Paul,MN,43555,434,432,567,17846,41.008279,75446.87969,189027.3961,34612.34259,44314.27622
53,U,Los Angeles,CA,46635,2004,2335,17987,13969,40.077654,50529.86304,248318.6063,25143.21397,36744.16033
53,U,Los Angeles,CA,46635,2004,2335,17987,13969,40.077654,50529.86304,248318.6063,25143.21397,36744.16033
530,U,Orlando-Daytona Beach-Melbourne,FL,17498,417,1181,11505,6291,38.401366,33777.01292,138773.3917,,13231.29706
531,U,Los Angeles,CA,40821,4660,5844,14340,13893,38.484052,72746.61718,506805.9387,22303.34597,31900.14204
532,U,Los Angeles,CA,15192,1019,535,10866,3845,34.724256,58187.72235,393540.6598,7786.428819,10870.43635
533,U,Los Angeles,CA,18512,115,10093,9617,5463,37.14201,38468.52793,329125.6718,13166.80638,17982.5276
533,U,Los Angeles,CA,18512,115,10093,9617,5463,37.14201,38468.52793,329125.6718,13166.80638,17982.5276
534,R,Florence-Myrtle Beach,NC,14701,60,4226,3439,5019,39.385519,28576.25264,69323.53238,10368.598,12758.25888
535,U,Philadelphia,NJ,20185,2494,1802,1470,7579,39.898019,89283.87337,299769.5005,11455.29476,17308.04508
536,U,Los Angeles,CA,25521,2769,831,14924,8267,38.383656,67679.1449,497090.3052,14983.17271,21097.28583
537,U,Chicago,IL,23215,2027,297,3756,9692,41.622059,86326.92281,221990.8545,14432.05122,21425.09654
538,U,Puerto Rico,PR,40456,82,126,39872,,45.283001,,,,
539,U,Los Angeles,CA,34082,1059,329,24485,10549,37.12474,69543.61273,502260.3238,18538.48275,26130.928
54,U,San Francisco-Oakland-San Jose,CA,45477,13177,1674,9239,16222,38.085261,116662.2541,1087645.172,,33842.88506
540,R,San Francisco-Oakland-San Jose,CA,14347,193,208,3836,5995,46.84012,50704.83976,207542.8621,12523.72529,15574.9053
541,U,Los Angeles,CA,1,1883,298,17258,8079,37.741668,65287.08896,469531.147,16283.31229,22648.77559
542,U,Los Angeles,CA,20562,730,1563,11326,5429,35.115417,42850.56882,224984.0903,12664.71271,17847.49065
543,U,Sacramento-Stockton,CA,22240,6776,2085,6803,6727,35.038013,93596.32055,356687.396,12930.1919,18683.73974
55,U,Los Angeles,CA,17612,2237,270,6004,5358,40.205088,102419.2051,665725.48,11025,16036
55,U,Los Angeles,CA,17612,2237,270,6004,5358,40.205088,102419.2051,665725.48,11025,16036
56,U,Los Angeles,CA,40896,4517,5726,24167,11138,33.409351,69978.11815,363253.3071,26066.79372,38397.86877
57,U,Fresno-Visalia,CA,27924,4142,2566,19928,7989,31.087928,18068.9171,129072.2115,17252,20453
58,U,Los Angeles,CA,38484,247,95,37645,9317,29.990198,24753.40872,395778.0381,20563,26153
59,U,Sacramento-Stockton,CA,36002,1616,2646,5496,14825,36.242064,49093.08913,216041.4136,24093,30422
6,U,San Antonio-Victoria,TX,34041,212,695,28310,11684,34.874246,29477.04991,104198.2664,20886.46972,25831.12114
60,U,Los Angeles,CA,19290,2086,385,9305,6478,36.807066,62980.39777,496475.0006,10841.99653,14946.63955
61,U,Rochester,NY,1,986,1410,1582,6909,42.55394,52371.86927,114905.9048,9405.219534,14165.86859
62,U,Los Angeles,CA,11836,222,106,4454,4731,37.757873,83888.64464,851232.2475,7191,10077
63,U,San Francisco-Oakland-San Jose,CA,1,1942,5753,22959,9247,32.714384,75841.2555,789442.402,24632,31207
64,U,Sacramento-Stockton,CA,36385,2557,7287,14812,11304,33.877532,55080.35413,256009.9921,25672.08837,32235.46211
65,U,Fresno-Visalia,CA,36204,10103,2053,15196,10216,31.497766,45629.36236,233506.3637,21271.4436,28891.74189
66,U,San Francisco-Oakland-San Jose,CA,28568,12745,274,5067,10205,43.0917,113403.9801,1220849.814,13761,20533
67,U,Los Angeles,CA,35810,9155,643,18581,9741,36.920069,56888.79104,479768.3121,19833,26984
68,U,San Francisco-Oakland-San Jose,CA,43102,8314,6179,15059,15695,43.490239,78549.79769,450540.409,29014,38415
69,U,Sacramento-Stockton,CA,53229,6605,3359,24391,16156,33.817832,98659.59199,385410.2228,35659,47615
7,R,Pittsburgh,PA,18750,208,1888,507,8126,43.566096,42425.94469,99872.96727,10755.56884,14934.53929
70,U,Los Angeles,CA,58389,4512,1138,47151,15516,31.463853,42013.33407,426408.3558,33872,44997
700,U,Fresno-Visalia,CA,21867,1088,389,10683,7443,33.302071,67101.9984,227850.9931,11782.36225,16484.43449
701,U,San Diego,CA,34259,1259,1345,19661,11202,34.033723,43992.25812,406510.7487,26739,33552
702,U,Bakersfield,CA,18823,202,81,18926,4712,28.581507,22712.50035,135306.417,12836.52737,15058.40125
703,U,Los Angeles,CA,29032,1247,489,10202,10359,40.669427,83411.44255,500663.0149,17378,24339
704,U,Fresno-Visalia,CA,70414,1691,2259,48235,20811,30.658906,44019.12716,190837.8552,44911.02131,58480.08334
705,U,San Francisco-Oakland-San Jose,CA,35005,8027,573,7337,13303,38.934121,115532.5312,1071747.129,17392.51151,26005.23961
706,U,Fresno-Visalia,CA,39107,1006,1211,32995,9970,29.413537,31146.14008,191317.0933,24447,30547
707,U,Fresno-Visalia,CA,27387,3000,7156,16711,7009,28.24726,15957.83667,124200.2547,18660.95637,22456.0207
708,U,Los Angeles,CA,20732,2037,1971,10258,6879,37.741993,67516.59464,497879.1798,11471,15807
709,U,Bakersfield,CA,23256,806,2660,9377,9087,33.41831,53096.81708,198578.0876,12198.47905,16624.80857
71,U,Los Angeles,CA,15991,319,43,15579,2900,35.425333,44249.9254,423010.3476,9533.109643,11970.505
710,U,Los Angeles,CA,18670,2268,415,3337,6900,42.523718,106741.6674,721639.9772,9517,15088
711,U,Los Angeles,CA,28780,2817,346,6934,10023,40.770699,113440.0941,612904.8236,16784,26121
712,U,Los Angeles,CA,20891,418,970,12369,6332,33.609052,48185.39122,297579.7653,15172.49014,20458.27211
713,U,Salinas-Monterrey,CA,45587,1274,236,39367,12521,36.604286,63311.66708,412681.1205,32176,40164
714,U,Sacramento-Stockton,CA,34208,4445,4418,11421,11297,36.79679,61265.81393,250522.9975,20982.20923,27518.57686
715,R,Fresno-Visalia,CA,14493,253,106,13403,3862,31.528041,24858.41524,120983.4715,9548.16403,11552.8543
716,U,San Francisco-Oakland-San Jose,CA,45350,24920,1237,9519,14458,39.467072,113167.2296,856395.8237,24176,34974
717,R,Fresno-Visalia,CA,24362,541,239,2735,10737,48.52914,65715.94828,281890.6946,19677.87755,25184.88651
718,U,Los Angeles,CA,21028,251,1881,18676,4479,28.974453,19362.51859,326915.9683,11689,14445
719,U,San Francisco-Oakland-San Jose,CA,67055,5937,1220,15386,24121,38.412436,121806.7978,710426.5651,41323,58731
72,U,Chico-Redding,CA,13146,590,309,3263,5599,27.371162,35724.89617,252022.0795,7574,9317
720,U,Sacramento-Stockton,CA,21553,2231,580,12063,6307,33.372732,48581.26168,259797.2296,15862,20143
721,U,Sacramento-Stockton,CA,20332,3860,4462,10038,5166,31.471252,65134.22654,258357.5668,14324.27703,18637.20149
722,U,Los Angeles,CA,26350,219,15431,10773,8788,37.773017,35852.92744,426057.3564,15461.15079,20201.05883
723,U,Los Angeles,CA,31388,3850,611,25338,7136,37.163992,58905.90557,366348.9459,17695.8079,24067.74311
724,U,San Francisco-Oakland-San Jose,CA,34558,2745,9305,12911,13758,38.088231,49957.27149,259183.8447,31504,37322
725,U,Santa Barbara-Santa Maria-San Luis Obispo,CA,43167,1638,506,11742,17947,43.819795,78472.01432,527517.845,29938.23454,40111.98508
726,U,San Francisco-Oakland-San Jose,CA,39053,6237,8677,21779,12605,36.466527,54941.54459,368540.3547,27085,35427
727,U,San Francisco-Oakland-San Jose,CA,36840,3181,822,17437,13570,35.347503,96090.92875,888930.6727,19854,27584
728,U,Los Angeles,CA,54030,7092,2565,20426,16383,36.96122,100732.0258,495946.6111,30151.09356,46038.45696
729,U,Los Angeles,CA,68504,6982,1722,15424,23066,38.209497,108372.1987,532569.4157,34942,56612
73,R,Sacramento-Stockton,CA,25866,1178,1348,17238,7206,32.653773,64749.39488,290306.937,18541.13835,23919.05583
730,R,Sacramento-Stockton,CA,13879,257,212,9898,3907,33.82691,54447.84192,217445.9954,9590.994057,12190.28958
731,U,San Diego,CA,32722,7936,4813,13681,9268,37.594441,59724.88347,382313.0541,20412.72471,26840.09513
732,U,San Francisco-Oakland-San Jose,CA,8687,428,258,6031,2812,36.016127,59935.79705,337876.691,5974.751368,7668.85139
733,U,Los Angeles,CA,14950,966,196,10604,4842,37.434127,67928.85211,548727.4732,9091.35624,12663.78053
734,R,Chico-Redding,CA,9346,355,73,4417,3268,38.513535,45470.29874,209644.6968,7543,9404
735,R,Chico-Redding,CA,7941,70,79,4516,3140,33.602569,30458.76313,168583.6229,9487,11433
736,U,Los Angeles,CA,25287,1621,2148,8117,8103,39.272587,84611.49614,361955.7332,16457,23684
737,U,San Francisco-Oakland-San Jose,CA,33854,2732,2252,11139,10893,36.725548,95008.66834,496634.4006,22113.22608,31634.26856
738,R,Eureka,CA,12190,128,131,2278,4576,41.579843,47667.66243,265763.3682,8427,10555
739,U,San Diego,CA,24852,1018,2663,8192,8385,37.814579,64604.36838,471409.6495,17767.18079,23287.75774
74,U,Chico-Redding,CA,19769,530,378,1506,8396,41.274146,53674.7189,267278.1029,13397.56981,
740,U,Fresno-Visalia,CA,20926,420,164,16112,5699,28.845068,21411.3272,124251.5715,15078.65992,17943.97945
741,R,Eureka,CA,17593,870,232,2438,7209,40.102552,40229.81874,188164.6632,12971,15667
742,U,Los Angeles,CA,49698,3319,710,12951,18459,42.583677,108443.774,611269.8715,29469,44939
743,R,Los Angeles,CA,11725,254,2224,3719,4319,34.099267,47356.24384,111132.6955,8729.685889,10984.75621
744,U,San Francisco-Oakland-San Jose,CA,56242,16497,2586,6773,23745,41.684567,100124.2724,803655.0176,28164.39216,40605.10491
745,U,Los Angeles,CA,13786,359,2767,9756,3859,34.119984,59871.44574,331893.4299,10791.5264,14629.76209
746,U,San Francisco-Oakland-San Jose,CA,30361,6674,4280,15603,8715,34.481868,37521.76473,425394.0878,17816,21900
747,U,Los Angeles,CA,27874,749,182,26442,7521,33.252457,37897.39549,441015.5824,15133.78094,19744.48212
748,U,Bakersfield,CA,32744,320,3434,23164,9735,28.020596,18879.13871,133065.1774,18005.54078,21085.08705
749,R,Los Angeles,CA,24104,524,2368,10447,8838,33.548187,46923.461,166483.9796,18801.58904,23925.0537
75,U,Los Angeles,CA,27592,1218,2841,21297,7185,32.755469,60932.57252,312378.0578,17086.5092,23664.24663
750,R,Bakersfield,CA,19631,114,145,16030,4846,28.267495,28614.09882,168015.9932,12839,17023
751,U,Los Angeles,CA,35690,248,192,33668,8086,33.826769,24395.14881,394229.6761,18292,23243
752,U,Los Angeles,CA,82905,38397,1091,22580,30386,38.56433,45402.04433,513227.7302,29370,53192
753,U,Los Angeles,CA,43760,12559,1372,19896,19624,38.618295,30027.05199,798755.5464,16794,25157
754,U,Los Angeles,CA,27845,7683,288,17042,7864,39.662108,76516.43512,508200.1452,16669.92789,23411.35485
755,U,Los Angeles,CA,14929,1996,1112,3885,6249,33.427229,72257.14093,531001.0216,7388,10708
756,U,Los Angeles,CA,35869,4942,4486,23115,8879,34.830363,45894.45753,375512.0181,18984,25380
757,U,Los Angeles,CA,39494,4148,7687,23590,12115,37.277037,24634.71049,615882.7496,18363,24580
758,U,Los Angeles,CA,29506,3783,5359,19361,9862,31.483573,21798.34773,598285.8685,13459.40133,17734.07871
759,U,Los Angeles,CA,26433,3511,1079,16981,10565,35.667276,28570.07812,632094.1761,10021,14609
76,U,Los Angeles,CA,18596,540,643,13419,5413,34.369746,50181.30447,353263.5285,11332,15117
76,U,Los Angeles,CA,18596,540,643,13419,5413,34.369746,50181.30447,353263.5285,11332,15117
760,U,Los Angeles,CA,27472,2517,1549,8521,16429,34.029852,49547.8615,702888.6295,11603,19029
761,U,Los Angeles,CA,39304,23307,429,7501,14045,42.174089,67825.74506,713796.5733,18593,28043
762,U,Los Angeles,CA,35064,20164,181,12701,9665,42.129654,43219.68948,491760.5792,18295,26045
763,U,Los Angeles,CA,42313,1640,3013,26150,15894,35.830218,39852.27292,452636.5802,23558.73314,31186.20436
764,U,Los Angeles,CA,18261,131,7393,10563,4794,35.071535,27376.45562,329679.423,11503,14671
765,U,Los Angeles,CA,18981,2977,218,6150,6707,38.154207,82120.05437,570588.2468,11435.45497,17039.49825
766,U,Los Angeles,CA,45712,4911,594,6933,16842,40.195377,95299.46412,618026.5992,23795.1908,35593.66341
767,U,Los Angeles,CA,24010,3860,520,13940,6973,35.959725,62612.28767,431166.7958,12448,17583
768,U,Palm Springs,CA,42252,375,133,46487,10841,35.238779,20945.88211,198358.4711,30692.89677,40192.53473
769,U,Los Angeles,CA,29974,834,4336,20932,7252,31.174841,39611.25726,242857.8654,20250,26106
77,U,Chico-Redding,CA,26268,835,496,2491,11278,39.826964,41252.45219,194984.9862,17623,22272
770,U,Los Angeles,CA,53646,1546,6378,39423,12042,30.274395,44303.74492,258476.432,32203.48332,43241.92788
771,U,Los Angeles,CA,40024,725,2331,22319,11771,34.110914,32532.42997,167706.9801,24843.03089,32698.86024
772,U,Sacramento-Stockton,CA,26174,854,860,4518,10276,37.042256,66337.2214,284406.4639,16438,21314
773,U,Sacramento-Stockton,CA,28001,4557,3919,11639,10132,36.427399,41396.99825,257080.8537,19002.13266,23863.21126
774,U,Sacramento-Stockton,CA,16759,836,249,1633,7712,41.521004,102473.7644,584727.517,8371,12564
775,R,Los Angeles,CA,32728,621,4305,12734,10750,33.076711,37323.15611,112473.8379,19768.73276,25004.17905
776,U,Los Angeles,CA,52362,7057,4877,17832,16611,35.367684,88288.51071,463802.0311,25231.06888,39599.86735
777,U,San Diego,CA,37476,883,542,15775,12640,40.185441,75232.77124,494723.12,26568,35501
778,U,San Diego,CA,87,4,1,77,32,34.210345,33915.94253,481079.5,1459,1610
779,U,San Diego,CA,39134,7389,2336,12448,13951,35.930227,55087.10367,489394.1411,23179.71069,30201.96209
78,U,San Francisco-Oakland-San Jose,CA,33454,6338,2051,,10027,38.041112,75277.82367,527317.9521,20348,26702
78,U,San Francisco-Oakland-San Jose,CA,33454,6338,2051,,10027,38.041112,75277.82367,527317.9521,20348,26702
780,U,Sacramento-Stockton,CA,50392,6084,7132,35800,13236,32.105739,29393.44202,158428.3969,41459.31195,49493.31468
781,U,Los Angeles,CA,24423,1005,262,4042,9679,48.86102,118473.126,768227.897,14365,22190
782,U,San Francisco-Oakland-San Jose,CA,28742,4125,3666,12369,9665,40.334925,59024.28004,376551.5574,17255,22263
783,U,Los Angeles,CA,30053,1903,295,14464,8380,33.493971,70175.18254,502478.2286,19556,28089
784,R,Los Angeles,CA,22371,656,1367,10339,7292,37.600564,57391.89947,285808.5052,12769.57681,17714.38281
785,U,Los Angeles,CA,30665,5285,466,11642,9931,35.781344,67877.13726,477629.1504,16345.84597,22864.36566
786,R,Sacramento-Stockton,CA,16203,294,246,2262,5611,48.301839,88280.43406,313610.1369,15940,19907
787,U,Fresno-Visalia,CA,15287,3026,113,11877,3865,30.7366,37613.488,223196.4919,9784.84931,12346.89524
788,R,Fresno-Visalia,CA,10252,102,375,7544,3091,32.619109,33092.25722,182524.5028,8038,9896
789,U,Los Angeles,CA,72039,3745,1776,52820,17441,32.701441,61733.55391,463432.2381,41093,54607
79,U,San Francisco-Oakland-San Jose,CA,1,2079,891,16849,9834,36.67203,70173.1616,394722.7335,20456.61131,26308.99741
790,U,San Francisco-Oakland-San Jose,CA,22808,1320,639,3981,9053,39.551662,86544.08405,510975.5353,14890.80313,20278.19041
8,U,Philadelphia,PA,38640,1064,31137,2312,14027,30.720127,14594.00989,99938.42012,11861.13405,14286.93996
8,U,Philadelphia,PA,38640,1064,31137,2312,14027,30.720127,14594.00989,99938.42012,11861.13405,14286.93996
80,U,San Francisco-Oakland-San Jose,CA,43990,5548,964,7510,16195,42.369609,111538.3061,597331.9677,24358.82898,34971.80157
81,U,Sacramento-Stockton,CA,41230,3887,1456,19578,12575,33.410657,69969.41361,318016.7943,26269,34663
82,U,Sacramento-Stockton,CA,22506,1561,1561,5015,8710,38.600551,56234.91713,238482.2884,18221.39057,22635.16879
83,U,San Francisco-Oakland-San Jose,CA,53965,20928,1264,14573,20192,35.641432,108215.2913,888845.3955,27814.43555,40626.57842
84,U,San Francisco-Oakland-San Jose,CA,50383,27556,2548,10007,13845,40.555783,111658.6049,663109.4581,25050.60666,35379.32031
85,U,Chico-Redding,CA,1,1713,562,3243,11035,36.217067,46245.27366,232101.7438,19511,25358
86,U,Los Angeles,CA,29671,1159,891,13706,9812,36.550059,87033.76765,459336.5521,17554,24327
87,U,Fresno-Visalia,CA,21693,3125,2158,13143,6659,31.352219,33582.07786,158205.4495,13946,17743
88,U,San Francisco-Oakland-San Jose,CA,34842,2738,8172,18813,11275,36.716899,-12,307541.3839,27743,34628
88,U,San Francisco-Oakland-San Jose,CA,34842,2738,8172,18813,11275,36.716899,-12,307541.3839,27743,34628
89,U,Los Angeles,CA,48539,11869,4477,26852,13448,39.787686,62340.02303,396050.0251,,37812
9,R,St. Louis,MO,7626,55,110,110,3126,43.669237,62289.8951,135169.9312,6295.741825,7894.067243
90,U,Los Angeles,CA,21289,1685,417,15912,6353,35.922847,65011.64738,571917.7603,11731.28292,17348.90189
91,U,San Diego,CA,1,1183,466,4928,11183,37.456944,79237.65804,435295.0703,,28381.92754
92,U,San Francisco-Oakland-San Jose,CA,16973,2107,423,2714,6493,40.297879,94150.41319,509209.0907,,14267
93,U,Los Angeles,CA,25736,3513,2322,14631,8005,32.362325,74649.75241,378741.5275,15048.62479,23049.6555
94,U,San Diego,CA,71577,27928,2928,13972,22581,36.994722,83157.02037,479488.8789,40184.94444,57453.2982
95,U,San Francisco-Oakland-San Jose,CA,42702,2434,1187,17070,14077,37.021004,79486.73332,425409.3289,25114.53799,33341.82546
96,U,Santa Barbara-Santa Maria-San Luis Obispo,CA,39931,1984,782,,12424,30.05063,52180.19188,317792.1685,28345.46218,36432.16586
97,U,San Francisco-Oakland-San Jose,CA,42833,28120,887,8609,12537,39.573287,117202.8304,771411.1697,22738.79988,32030.83507
98,R,San Francisco-Oakland-San Jose,CA,15509,452,201,5635,6102,37.329177,49379.74105,286511.9051,13068,16791
99,U,San Francisco-Oakland-San Jose,CA,17022,4016,3118,2150,6689,41.553108,84013.29897,633794.1359,8657,
